{"0": 1.6554635828137518, "1": 1.8177337319199511, "2": 2.3901904895721864, "3": 1.7999486991900733, "4": 3.650169826774157, "5": 2.08442789194867, "6": 4.189932112965576, "7": 1.265045991916726}